,0
0,"Пацан высказался, потом делом подтвердил слова. Когда не смог – повторил предложение."
1,Цена пацана измеряется выполнением его обещаний.
2,"Я не матерюсь, а лишь употребляю ненормативную лексику в целях более полного выражения своих эмоций!"
3,"Самое позорное для пацана - поливать грязью ту, с которой делил постель, ел за одним столом и жил несколько лет."
4,"Шесть лет не пил, не курил, по бабам не шлялся, а потом мамка в школу отдала и понеслось!!!"
5,"Есть люди, которые меня ненавидят. Пусть ненавидят. Есть люди, которые меня любят. Пусть любят. А есть люди, которые меня ненавидят, а делают вид что любят. Вот таких ненавижу я!"
6,Познакомлюсь с тремя-четырьмя девушками для серьёзных отношений.
7,"Пусть лучше меня ненавидят за то, кто я есть, чем любят за то, кем я не являюсь."
8,Ни одна женщина не сможет принести вам столько удовольствия как две…
9,"Если ты положил глаз на мою девушку, значит он у тебя лишний."
10,Царапины на спине от одной девушки могут легко превратиться в царапины на морде от другой.
11,"Мужчина не тот у кого есть женщина, а тот - кто ее бережет."
12,"На самом деле я добрый, только об этом никто не знает, а те, кто знал, уже никому не расскажут."
13,"Мужчину должны украшать три вещи: порядочность, характер и поступки, а не дешёвые понты, завышенная самооценка и длинный язык."
14,"Выходные проходят отлично: бухаю и тр*хаюсь… Шучу, конечно… Потягиваю пивко и наслаждаюсь обществом женщин… "
15,"Не закрывай рта тем, кто открывает тебе глаза. И твердо став на ноги, не забывай тех, кто поднимал тебя на руках."
16,"Самая замечательная фраза, которую слышал от девушки: «Все равно уговоришь! Так чего время терять, поехали ко мне…»"
17,"Мне не нужна самая красивая девушка. Мне нужна искренне любящая меня, а королевой я ее сам сделаю."
18,"Ищу хорошую девушку, которая умеет то же, что и плохая, только хорошо."
19,Есть только два критерия: есть мурашки - нет мурашек. Всё. И так во всём. Тебя или торкает или нет. Всё остальное хуета плюшевая...
20,Мне бы водки цистерну и баб деревеньку… Я бы пил потихоньку… Ну и баб…помаленьку!!!
21,"Верного пути не существует, выбираешь сам и сам рискуешь..."
22,"Хочу себе мерс, но денег только на девятку, и то «балтику»."
23,"Ласка одной львицы лучше, чем гарем дешевых гиен."
24,Вчера приходит смс: «Я не могу тебя забыть!» Пипец … А я вспомнить …
25,"Привыкнешь выживать - забудешь, как жить."
26,"Девушки, которые думают, что меняют парней как перчатки, расслабьтесь, вы просто идёте по рукам!"
27,"Когда ты не паришься, все получается гораздо лучше."
28,"Жизнь без брюнетки, как чай – без конфетки!"
29,"Важно идти, не важно, медленно или быстро, достаточно просто идти … если идешь, ты движешься вперед..."
30,"Мы, пацаны, не обижаемся — мы делаем выводы!"
31,Друзья стоят друг за друга до конца. До самого гребного конца!
32,Хорошие мальчики нравятся только родителям. Вот пусть родители их и трахают.
33,"На дворе дрова, на дровах братва, у братвы трава, вся братва в дрова."
34,Если пацан посадил девушку за руль своей машины – 100% он ее любит.
35,"Лучше красиво делать, чем красиво говорить."
36,"Хватит думать сутками о человеке, который не задумывался о тебе даже на час."
37,"Отключи телефон, не заходи в контакт, и ты узнаешь, сколько у тебя настоящих друзей."
38,"На дворе дрова, на дровах братва, у братвы трава вся братва в дрова."
39,"Только исследовав многих женщин, мужчина может понять себя."
40,"Свои всегда поймут, свои всегда помогут. Спасибо пацанам, родителям, спасибо Богу."
41,"Так хочется встретить рассвет с тем, о ком постоянно думаешь перед сном!"
42,"Тренируйся с тем, кто выжимает больше тебя или бегает быстрее. В гонке за лидером ты растешь в два раза быстрее."
43,Сможешь сломать свой страх и не кто не сможет сломать тебя.
44,"Если что не понял — читай по губам: «фак мусарам, свободу пацанам»."
45,Если любишь — люби без обмана. Если веришь — то верь до конца. Ненавидишь — скажи это прямо. А если смеёшься — то смейся в глаза.
46,"Пусть лучше в мышцах будет боль, чем наркота и алкоголь!"
47,"Брат – это тот, кто не наглеет, даже если ты разрешаешь ему многое."
48,"Бывают такие ошибки, за которые даже перед собой стыдно."
49,"Пацаны! В этом Мире нужно бить, а не давать сдачи!"
50,Пацан сказал – пацан сделал! Пацан не сделал – пацан пошутил!
51,"Кому нибудь мы обязательно понадобимся такими, какие мы есть."
52,"Он хамил так, как будто у него в кармане лежала запасная челюсть."
53,"Можно попытаться решить всё разговором, но недолго."
54,Только в сложной ситуации узнаешь есть ли у тебя настоящие друзья.
55,Никогда не поздно поставить новую цель или обрести новую мечту.
56,"Пацан симпатяга, по жизни бродяга. Походка блатная, жизнь воровская, бродяга по жизни, вор по нужде. Кайфарик по масти, романтик в душе…"
57,"Ничто не защищает ваши зубы 24 часа так, как нормальное отношение ко мне!"
58,"Бывает, что крест, поставленный на человеке, его единственный плюс."
59,"Цените тех, кто не рассказывает больше, чем надо."
60,"Настоящая Братва — это единицы из сотен, что своих не бросали."
61,"Братва — это не когда вас много, а когда несколько, но достойных!"
62,"Все мы пацаны думаем, что сильнее девушек, но для каждого пацана найдется та, которая заставит не спать ночами."
63,За слезы сестры — можно убить. За счастье матери — можно мужскую слезу пустить. За отца — жизнь отдать. За брата — перед пулей встать. За друга — любого порвать!
64,"Брат может не быть другом, но друг всегда брат."
65,Самые надёжные профилактические меры – держаться от нашей братвы подальше.
66,Брат запомни: Мы никогда не оставим тебя в беде!
67,"Мужик не кактус, ему пить надо."
68,"Цитаты для пацанов — И пожелаю я братве фартовой воли на земле, здоровья, духу, пацаны, и пусть не трогают менты!"
69,"Не жди пощады от врага и бей всегда наверняка, пусть ты в крови и весь избит в душе твоей всегда гранит."
70,"Может и не получится , но попробовать стоит всегда."
71,"Братва – больше, чем клятва."
72,"У меня нет пушки, нет толпы за спиной, но есть пару кентов которые хоть в ад пойдут со мной!"
73,"Мне без разницы – красные, черные, я всех одинаково бью."
74,Пацан захотел – пацан сделал. Пацан не захотел – пацан не сделал. Пацан не захотел и сделал – пацан женат.
75,"Месть — это не проявление силы. Отнять жизнь может каждый, но чтобы подарить жизнь, для этого действительно нужна сила."
76,"Меня знают многие, но лишь единицы знают, какой я на самом деле."
77,"Силён не тот, кто может выпутаться из всех ситуаций, а тот, кто в самых серьёзных из них может позвонить друганам."
78,"Не прощай предательство. Никому. Никогда. Обманули раз, а значит обманут и второй."
79,"Кровь это не то, что течёт в твоих жилах. Это то, что брат отдаст за брата!"
80,"Пацан – это пацан, который заткнёт, наорёт, запретит, и ты будешь слушаться… А мальчик – он просто обидится."
81,"Не льстите себе, переспав с крутой фотомоделью. Может, ей просто интересно? Как это? С лохом?"
82,"Когда у меня будет сын, я дам ему то, чего не было у меня!"
83,"Даже если я собьюсь с пути, я знаю, где живёт мой брат."
84,"Никто не забыт, ничто не забыто."
85,"Каждый может огорчить реального пацана, но не каждый успевает извиниться!"
86,"Да плюньте вы на свои бицепсы, нормальные пацаны давно уже качают нефть!"
87,В жизни так бывает — пацаны своих теряют Но не когда не забывают!
88,"Запомни братишка одну благодать, не ждет тебя телка, а ждет тебя Мать!"
89,Кто жмёт руки – необязательно друг.
90,"Все без всех могут жить, не надо соплей, мы будем забыты эпохой, и по*уй."
91,"Живи, люби, кради, гуляй, купи весь мир, потом отдай! всегда лишь помни вещь одну не забывай свою братву !"
92,Самым лучшим уроком в жизни для пацанов всегда останется армия!
93,"Вспомни себя год назад. Много что изменилось. Одни стали ближе, другие ушли."
94,"Если человек сильный, это не значит, что ему не больно."
95,"Если тебя заставляют выбирать между девушкой и братвой – ты знаешь, что выбрать…"
96,"Если возле моего сына хоть воздух дунет, я тебя на ремни порежу."
97,"Если мужчина открывает дверь машины жене, значит это или новая машина, или новая жена."
98,"И я живу лишь вами, своими пацанами, прозрачными дворами, открытыми домами, все будет хорошо, держаться нужно с нами, цени друзей, что проверял годами."
99,"Дикий гордый. Никому не покорный. Борзый дерзкий как пуля резкий. Никому не обязан, ни к чему не привязан, никому не подобен, потому и свободен."
100,"Делаешь — не бойся, боишься — не делай, а сделал — не сожалей."
101,Розы любят воду… пацаны свободу… розы гибнут на газонах… пацаны на красных зонах…
102,"Настоящий друг – это тот, кто на фразу:” я убил” отвечает:”где труп?”."
103,"Не знаю, как вы, а я хочу реально кого-то полюбить, и быть с этим человеком долго-долго."
104,Не предает лишь автомобиль и собака.
105,"Пацан должен отвечать за свои слова, либо он не пацан!"
106,"Бывает, ради человека бросаешь всех, а он ради всех бросает тебя."
107,"Мы не прощаем людей не за то, что они нас обманули, а за то, что мы им верили."
108,"Все говорят: изменись, и все за тобой потянуться. А я лучше останусь собой, и посмотрю, кто со мной останется!"
109,"Я молодой, но с богатым опытом и мудрыми мыслями."
110,Я не Минздрав — предупреждать не буду.
111,"Мудрецу даны знания, мужику умения, пацану — понятия…"
112,Иметь хороших друзей — одна из лучших ценностей жизни.
113,Гордость парня — это порядочность его девушки.
114,"Думать надо головой, любить — сердцем, чуять — *опой, и самое главное — ничего не перепутать."
115,"Не бойся драться с теми, кто сильней — непобедимых не существует."
116,"Живи ярко, бей чётко. Ты же реальный пацан, а не пафосная тёлка!"
117,Два пацана послали друг — друга нахер и пошли туда вместе. Вот это дружба.
118,"Если вам плохо — крепко обнимите кота. Вот и всё. Теперь плохо не только вам, но и коту."
119,"Мне неважно, прав он или нет, он мой брат, и я тебя за него разорву!"
120,"Спасибо отец, ты воспитал мужчину, и будь уверен, я воспитаю также сына!"
121,"Однажды, я приеду и заберу то, что мне принадлежит."
122,"Брат, знай! В драке за тебя пойдут твои пацаны, а не продажные бляди!"
123,"Уважай Братву, если согрешишь — только она сможет помочь тебе."
124,"Береги ту, которую любишь, чтобы потом не пришлось жить с той, которая досталась."
125,"Серьезный пацан любит ту девушку, от которой трудно добиться любви."
126,"Мне не важно прав он или нет, он мой брат, и я тебя за него разорву!"
127,"Маме — поддержку, пацанам — уважение, девушке — любовь, для души — рэпчик."
128,"Не тратьте время на людей, у которых нет времени на вас."
129,"Если жить, то красиво. Если взгляд, то четкий. Если надеяться, то только на себя. Если любить, то всем сердцем."
130,"Пацаны делятся на 2 типа: 1 — которые могут занести холодильник на 5 этаж, 2 — те которые могут за это заплатить."
131,Если человек вам не нужен — скажите ему об этом сразу. Не надо играть чужими чувствами. Жизнь невероятно мстительна.
132,"Иномарки для понтов, а ТАЗы для пацанов."
133,"Живи, люби, кради, гуляй, купи весь мир, потом отдай! Всегда лишь помни вещь одну не забывай свою братву !"
134,"Друзей выбираем мы сами, но лучших оставляет время."
135,Четкие статусы для пацанов — Для нас нет закона — мы пацаны с района.
136,"Всех порву за семью, за братву и за любимую мою!"
137,"В жизни надо быть упёртым, но не бараном."
138,"Реального пацана должна украшать одна принцесса, а не стадо овец…"
139,"И дай вам Бог вдвойне, чего желаете вы мне."
140,"Девушку найти хотел одну, с которой прожить смогу, а нашел без которой не смогу, за нее любому пасть порву, пацаны, я ее люблю…"
141,Для нас нет закона — мы пацаны с района.
142,"Слушай всех, прислушивайся к немногим, решай сам."
143,"Мужчине в жизни бывает стыдно только два раза: первый раз — когда не встал второй раз, и второй раз — когда не встал первый раз."
144,"Не важно сколько у тебя друзей, важно, помогут ли они тебе в трудной ситуации!"
145,"Пацаны, берегите своих девочек."
146,"Счастье не в деньгах, но грустить лучше в BMW, чем в маршрутке."
147,"Живи, братуха, и не думай, что кто—то про тебя забыл. Друзья не забывают друга, а кто забыл, тот не был им."
148,"Если жизнь дала трещину, не надо лить в нее водку."
149,"Чем меньше город, тем круче пацаны."
150,"Будь самим собой, имей свою точку зрения, умей постоять за себя и за своих близких и тебя будут уважать!"
151,"Тазы решают, пацаны качают."
152,"Жизнь, братан — это волчья тропа, по которой нужно пройти оскалив зубы, но при этом остаться человеком."
153,"Вот, бывает. Ты даешь человеку понять, что он тебе нужен, а он все равно уходит от тебя…"
154,"Судить меня дано лишь Богу, другим я укажу дорогу."
155,"Настоящий пацан не будет трепаться о ней после расставания. Он скажет: «Братан, я и сейчас оторву голову любому, кто её обидит!»"
156,"Не важно, кто напротив. Важно, кто рядом."
157,"Еще и тачка закатана со лбом, под сиденьем ствол, большие диски, голубой ксенон."
158,Задумайтесь прежде чем выжимать газ в пол…
159,Принцип пацанский. Поляна по-царски. Всегда для своих — от души и по-братски.
160,"А ты попробуй меня найти, когда отключены телефоны и нет меня в сети."
161,"Своя компания — это компания, в которой можно не думать, когда говоришь"
162,"Родители – это такие люди, которые гоняют авторитетных пацанов за хлебом."
163,"Не бойтесь когда я ругаюсь, кричу и выражаю свои эмоции. Бойтесь — когда я молчу."
164,"Если девушка сама делает первый шаг, поверь, ты ей реально дорог!"
165,"Сколько бы времени мы не провели вместе, мне всегда будет мало."
166,"Уважаю пацанов, которые запрещают своим девушкам пить и курить."
167,"Дружба — это самое дорогое , что есть на улицах…"
168,"Уже поздно возвращаться назад, чтобы все правильно начать, но еще не поздно устремиться вперед, чтобы все правильно закончить."
169,"Брат, запомни! Я встану за тебя, даже если ты не прав."
170,"Братан, ты набери приеду помогу, чем смогу."
171,"Запомни меня таким: странным, грубым и нервным, я не казался святым, но был тебе верным."
172,"Пацан глазами любит всех, а сердцем одну."
173,"Дембель Гриша, вернувшийся домой, еще по надписям в лифте понял, что Маша его не дождалась."
174,"Она хамила так, как будто у нее в кармане лежала запасная челюсть…"
175,Улыбку дарю всем. Взгляд — немногим. Сердце — одной.
176,"Бей первым, пацан, бей первым всегда. Пропустишь удар и будет беда. За мать, за друзей, за отца, бей первым по жизни всегда!"
177,"На маму не кричи, она не виновата, что у тебя не все как надо…"
178,Иметь хороших друзей — одна из лучших ценностей жизни..
179,"Не избегай драки, раны заживут быстрее, чем самооценка."
180,"Для начало разговором решить, если не поймет, то об асфальт черпани вниз головой ))"
181,"С*ка, если я терплю, не означает, что мне не больно."
182,Никто не знает как любит сердце пацана.
183,"Спасибо отец , ты воспитал мужчину , и будь уверен , я воспитаю также сына!"
184,"Не тот силён, кто не упал, а тот кто падал… но вставал."
185,"Что любит отец, то и сыну по душе."
186,И стоя на коленях: спасибо нашим дедам!
187,"Дружите с пацанами, среди них нет овец."
188,"Никогда не жалей о своих ошибках, ведь не сделав их, ты никогда не узнаешь как делать правильно."
189,"Не надо заставлять детей учить английский. Пускай, лучше изучают автомат Калашникова. И тогда скоро весь мир заговорит по-русски."
190,"Я люблю тебя, как дебил."
191,"Хочу тот день, когда я приду к братве и гордо скажу: «Пацаны, у меня сын!»"
192,"Не судите меня за прошлое, я не живу там больше."
193,"Будет и удача, будет и везение, и нельзя иначе — нужно лишь терпение!"
194,"Упал — встань, а встал — иди."
195,"У каждого человека бывает такой период в жизни, когда ему кажется, что он никому не нужен."
196,"Я буду ценить всегда только тех, кто со мной до последнего."
197,"Статусы со смыслом для пацанов — У меня нет пушки, нет толпы за спиной, но есть пара пацанов, которые хоть в ад пойдут со мной…"
198,"Живи, братуха, и не думай, что кто-то про тебя забыл. Друзья не забывают друга, а кто забыл, тот не был им."
199,"Прощать не сложно, сложно заново поверить."
200,"Мы стали теми, от кого родители просили держаться подальше."
201,"Сука, если я терплю, не означает, что мне не больно."
202,Берегите своих родителей… Они искренне за вас беспокоятся..
203,"Пацаны, а у вас тоже такое было, когда стоишь молча, смотришь на нее и делаешь вид, что все равно, а сердце ебашит изнутри?"
204,"Счастье – это когда Бога благодаришь чаще, чем просишь."
205,"Мама учит быть добрым, папа учит быть гордым. А брат ничему не учит, просто сказал: «Обидят, порву!»"
206,"Красивая — это когда красивая, а не когда грудь вываливается и трусы видно."
207,Порой просто хочется побыть одному.
208,"Привык к этому району, к этим его дворам, к этим по любому порядочным пацанам, к тем – кто руку крепко жмет, к тем – кто за брата убьёт…"
209,"Мало у кого есть такой друг, которому можно рассказать все. Излить душу до последней капли и быть уверенным, что это не коснется чужих ушей."
210,"Сотни синяков и ссадин, растяжений и вывихов, тысячи тренировочных часов, миллионы капель пролитого пота лишь для того, чтобы стать еще лучше."
211,"Не нужно косить, под гламурных куриц, парни любят нежных, парни любят умниц."
212,"Никогда не делай выводов о человеке, пока не узнаешь истинные причины его поступков."
213,"Не уважаю пацанов, у которых каждая следующая – «любимая»."
214,"Неважно кто и что говорит за твоей спиной. Важно то,что когда ты обернешься все будут молчать."
215,"Думай своей головой, делай как знаешь, всегда. Не прогибайся под общественное мнение."
216,"Мы не шуты, мы не артисты, мы пацаны, мы хоккеисты!"
217,"Спасибо матери с отцом, что я родился ПАЦАНОМ!"
218,Раньше было легче. Раньше было детство.
219,"Всегда помни, когда идёшь на стрелку с кентами своими, что дома тебя ждёт она."
220,"Живите так, что бы дома гордились,"
221,"девушки любили, пацаны ценили."
222,"Берегите друг друга. Не ломайте то, что другие не могут даже построить."
223,"Знаете, самые длинные и увлекательные путешествия вместе с друзьями начинаются обычно со слов: «Пацаны! Стойте! Я знаю короткую дорогу…»"
224,"Тот, кто молчит, знает в два раза больше, чем тот кто говорит…"
225,"В моём детстве не было мобильных телефонов, но я всегда знал, где мои друзья."
226,Ищите девушку? Ищите деньги! Девушка вас сама найдёт.
227,Бей сильно. Уходи гордо. Не говори о себе громко. Пусть другие о тебе скажут тихо.
228,"От души, душевно, в душу…"
229,"Вспоминаю некоторые свои выходки, так стыдно пиздец."
230,"Есть такая любовь, от которой след в душе остаётся на всю жизнь…"
231,"Хорошо смеется тот, кто глубоко затягивается."
232,Счастье — это когда в доме нет больных. В тюрьме —нет родных. Среди друзей —нет гнилых…
233,"Мы бьем сильно, а жизнь бьет сильнее, чем надо."
234,Наши девушки — самые красивые девушки в мире..
235,"Люби ту, которая с тобой, ибо знай, что та, которая далеко, наверное, тебе не верна."
236,"Живу бедно… сыр с плесенью, вино старое, машина без крыши и телефон без кнопок…"
237,"Пройдёт время и жизнь покажет, что всё было только к лучшему."
238,"Держитесь друг за друга, брат за брата и будет все!"
239,"Запомни, ни когда не прощай врага, он как был врагом, так им и останется."
240,"Победит не тот, кто сильнее, а тот, кто готов идти до конца."
241,Секс с деловой женщиной: — Можно? — Войдите!
242,"Главное верить в себя, и все получится."
243,"А ты вспомни, братан, какими раньше мы были. Как росли, продвигались и впервые полюбили!"
244,"Девушки хватит тащится от гламурных педиков, тащитесь от спортивных пацанов, которые могут постоять за вас."
245,"Те, кто поддержал меня, когда я падал, теперь держитесь, мы взлетаем!"
246,Если соседка часто заходит за солью — значит ее интересует ваш перец…
247,"Хватит ныть. Да, это жизнь. Каждый сам за себя. Или ты или тебя."
248,"Лучше быть последним среди волков, чем первым среди шакалов!"
249,"Она хамила так, как будто у нее в кармане лежала запасная челюсть"
250,"Чужого не надо, а вот за свое я буду ебашить."
251,"Упрекай друга наедине, хвали – публично."
252,"Живите так, чтобы дома гордились, девушки любили, пацаны ценили."
253,"Мудрецу даны знания, мужику умения, пацану — понятия.©"
254,"Предела не бывает! Нужно всегда стремится к лучшему, при этом не оборачиваться назад и не останавливаться!"
255,"Своя компания — это компания, в которой можно не думать, когда говоришь."
256,Я бы весь вагон мужского пола отпиздил за то что они деду место не уступили!!!
257,"Бывают ситуации, когда ты можешь надеяться только на себя.."
258,"Крутые статусы для пацанов — Пацаны, не ищите » Ту самую » по клубам и барам. Та самая ночами спит дома."
259,"Берегите близких, однажды вы поймете, как тяжело терять тех, кого любишь."
260,"Меня называют идиотом, когда я делаю то, на что у них не хватает духа."
261,"Да кто бы ты там ни был, какая бы там ситуация ни была — отвечай за свои слова всегда."
262,"Мы пацаны тоже можем быть добрыми и мягкими, только для этого нам нужна та, которая будет это ценить!"
263,"«Не тот силён, кто не упал, а тот кто падал…но вставал»"
264,"Не беда, если нет друзей, беда если они фальшивые и продажные."
265,"Кровь – это не то, что течёт в твоих жилах. Это то, что брат отдаст за брата!"
266,"Запомни эту простую фразу, всё будет, но не сразу."
267,"У каждого свой смысл жизни, мой — еще не родился."
268,"Сердце пацана очень жестокое снаружи, но очень любящее внутри."
269,"Все говорят : Изменись, и все за тобой потянуться. А я лучше останусь собой, и посмотрю, кто со мной останется!"
270,"Брат, запомни! Я встану за тебя, даже если ты не прав…"
271,"И пока мое сердце будет биться, я буду гордится местом, где было суждено родиться!"
272,"Секрет моих счастливых отношений в том, что их нет."
273,"Враги под нами, бог над нами, живем веками, ведь рождены пацанами."
274,"Мы поступаем так, как поступили с нами."
275,"Братан, ты набери, приеду помогу, чем смогу."
276,"В голове каша и не ясно что дальше, вроде всё нормально, но уже не так как раньше .."
277,"Главное идти вперед и не стать п*скудой, в этом мире никто не поймёт, но каждый осудит…"
278,"Настоящий пацан садится на колени в трёх случаях: поднимая раненного друга, целуя руку матери и срывая цветы для любимой девушки!"
279,"Кто может, тот делает. Кто не может, тот критикует."
280,"Цени человека не за внешность, а за отношение к тебе."
281,"Пусть цитаты не делают нас умней, но некоторые из них заставляют задуматься о чем-то."
282,"Перед пацанами базар держи, Перед другом – слово, Родителей и девушку люби И храни веру перед Богом!"
283,"Меня знают многие, но лишь единицы знают, какой я на самом деле…."
284,"Не забывай о людях, с которыми есть, что вспомнить."
285,"Упал – встань, а встал – иди."
286,Не бойся когда ты один — бойся когда ты ноль.
287,"Запомни, никогда не прощай врага, он как был врагом, так им и останется."
288,"Бывает в жизни так тоскливо, что даже чай не лезет в глотку. А помогает только пиво, которым запиваешь водку."
289,"Бывают минуты, когда кажется, что близких людей нет."
290,Хорошие мальчики нравятся только родителям. Вот пусть родители их и трахают
291,"Не требуй к себе уважения. Поступай так, чтобы тебя уважали!"
292,"где бы ты ни был, кем бы ты ни стал, не позорь тех, кто тебя воспитал…"
293,Улица – это сила!
294,"Братва, дороже всех блядей. Запомни брат. Не предавай друзей."
295,"Будет новый рассвет – будет море побед. И не верь никогда в то, что выхода нет."
296,"Имей ту девушку, о которой все мечтают, И не мечтай о той, которую все имеют."
297,"Я вырос улицей, я вырос ими, своей братвой доволен сильно и от души братве желаю я успехов в жизни и ума!"
298,"Я счастлив,потому что каждый день вижу улыбку своих родителей и слышу голос своих братьев!"
299,"Не зная дна, не суйся в воду. Храни друзей, цени свободу."
300,Запомни:Нет выхода только из гроба.
301,"Берегите отношения, чтобы потом не пришлось беречь воспоминания."
302,"Делай сегодня то, что другие не хотят — завтра будешь жить так, как другие не могут."
303,"Сила не в деньгах и не в оружие, сила в тебе, братьях и любви!"
304,"Никто не может дать тебе совет лучше, чем ты сам."
305,"Времена изменились, но вопросы решаются так же."
306,"Умей пережить ту минуту, когда кажется, что всё уже потеряно."
307,"Лучше быть одним, чем с кем попало…"
308,"Он хамил так, как будто у него в кармане лежала запасная челюсть"
309,"Не ври тому, кто тебе доверяет. Не доверяй тому, кто тебе врёт."
310,"Если ты дрался хоть раз в своей жизни, ставь лайк!"
311,"Начинай каждый день так, как будто он решающий."
312,"Выдержать можно все, но не предательство!"
313,"Тот, кто не понял твоего молчания, вряд ли поймет твои слова."
314,"Брат может не быть другом, но друг всегда брат"
315,Женщины как револьверы: опасны только в руках новичков.
316,Бросай … ревнуй … страдай … влюбляйся … Но никогда не унижайся !!!
317,"Статусы для вк для пацанов со смыслом — Если у парня нет мозгов, он дурак, если нет сердца — злодей, если нет желчи — тряпка."
318,"Ошибки — это доказательство того, что ты пытался."
319,"Мне без разницы – красные, черные, я всех одинаково бью"
320,"Это — холодный мир, детка, твоя любовь его не согреет."
321,"Спасибо моим врагам.Если бы не они, я бы не стал тем, кем стал."
322,"Мне всё равно, что думают другие. Это моя жизнь, и я буду жить красиво."
323,Не смог сегодня – не сможешь и завтра. Выдержал сегодня – выдержишь и завтра.
324,"Бей сильно,дыши ровно,отвечай за свои поступки и настаивай на своем."
325,Чтоб у нас все было и нам за это ничего не было…
326,Никогда не говори «никогда».
327,"Лучше верность без слов, чем измена с клятвой."
328,"Обидно когда два человека любят друг друга, но не могут быть вместе, потому что один из них дура."
329,"Он хамил так, как будто у него в кармане лежала запасная челюсть…"
330,"Сколько раз я удивлялся логике девушек… но записка «Ушла. Приду, когда вернусь» просто убила)"
331,"Бывает, что крест, поставленный на человеке, его единственный плюс…"
332,"Умей говорить в глаза, а не за спиной."
333,"Их девиз непобедим — возбудим и не дадим! Наш девиз еще мудрей — не дадут, возьмем бл****…"
334,"Кровь это не то, что течёт в твоих жилах. Это то, что брат отдаст за брата!!!!!!"
335,"Если смех продлевает жизнь, то моя компания бессмертна."
336,"Если девушка задает вопрос «как на личном?», значит ты ей небезразличен."
337,"Бывают моменты, когда безумно грустно и одиноко. и вроде бы есть кому позвонить, но понимаешь, что всем не до тебя."
338,Это не у меня нет девушки. Это ни у одной девушки нет меня!
339,"Дружба не услуга, за нее не благодарят."
340,Я сегодня не выспался… — А причина? — Причина тоже не выспалась…
341,"Мне без разницы – красные, черные, я всех одинаково бью…"
342,Вот смотрю я на тебя и думаю — еще выпить или ты мне уже нравишься…
343,"Если человек не тянется к тебе, лучше оставь его в покое."
344,Думал — любимая. Подсчитал — дорогая.
345,"Стремись к цели, но живи сегодняшним днем."
346,"Единственная девушка за которой я буду бегать, будет кричать убегая:» Пап догоняй!»."
347,Никакие деньги не заменят этого счастья.
348,"Пить водку, пиво, коньяк, кофе и курить в один день — это нормально. А вот воду в чайник нужно обязательно фильтровать, а то для здоровья хреново."
349,"Видишь этого парня? Он перестал принимать героин, а у тебя сука жрать к лету поменьше не получается!"
350,Счастье — это когда в доме нет больных. В тюрьме — нет родных. Среди друзей — нет гнилых.
351,Налево пойду — домой не попаду. Направо пойду — налево не успею.
352,С одной стороны ты красивая… А с другой? А с другой рожа.
353,"Не льстите себе, переспав с крутой фотомоделью. Может, ей просто интересно? Как это? С лохом?!»"
354,"Ненавижу это состояние,когда ночью лежишь и думаешь, думаешь, думаешь, думаешь."
355,"Живу с девушкой. Раньше всё валялось на своих местах, а теперь аккуратно сложено неизвестно где."
356,Невозможно нравиться всем подряд — все подряд не могут обладать безупречным вкусом.
357,"Ничего не боятся только лохи, реальные пацаны всегда на измене..."
358,"Пусть за меня бывает стыдно маме, но я – неубиваем."
359,"Господи, убереги меня от друзей, с врагами я сам справлюсь."
360,Ради успеха я положу всё кроме здоровья близких и братвы!
361,"Я там выжил, где замерзли мамонты."
362,"Пацаны, уважайте женщин! И я сейчас не о шкурах…"
363,"Парня должна украшать всего одна принцесса, а не овечье стадо."
364,"Не говорите мне слово «невозможно». Я не знаю, что оно обозначает."
365,"Мы не крутые, однако крутые к нам тянутся. Мы не являемся ворами в законе, однако люди с понятиями нас ценят. У нас нет оружия, но мы всегда опасны. Нас мало, но, когда мы едины, мы не победимы!"
366,Осуждаете меня за мой непростой характер? А как по-другому? Пацан без характера – тряпка.
367,"Самое приятное, когда на тебя хотят быть похожи ребята из твоего двора."
368,Всегда держи данное слово: это твоя цена.
369,"Честность и верность — дорогой подарок, которого не стоит ожидать от дешёвых людей."
370,"Я заботливый и добрый дома, и в этом также моя сила."
371,"Женщины бывают двух типов: хорошие и идеальные. Хорошие имеют большую Ж, а также маленькую П, хорошо умеют держать в руках Х. Ж — жилплощадь, П – это потребность, а Х — хозяйство. О чем подумали вы — это идеальная женщина."
372,"Не уверен – не обещай. Нет ничего хуже, чем быть треплом."
373,"Жизнь человеку один раз всего дается. Необходимо ее так прожить, чтобы там наверху офигели, сказав: «Круто! Стоит повторить!»"
374,"Всякий в состоянии огорчить реально действующего пацана. Важно вовремя извиниться, чтобы дольше ожидать свои скоропостижные похороны."
375,"Если станет в жизни туго, то поможет плечо друга!"
376,"Ненавижу пацанов, обижающих зря милых девушек кулаками, похабными словами или поведением. Грубят такие уникумы дамам от бессилия мужского и страха."
377,Кто готов ко всему — ни к чему не готовится.
378,Мужчины подвержены эмоциям. Пацаны иногда остро ощущают чувство голода.
379,"Никогда, ни при каких обстоятельствах нельзя опускать руки. Любые трудности - это не наказание за прошлое, а испытание ради будущего."
380,Секрет успешных семейных отношений элементарен. Когда пацан неправ – не признается. Если знает верное средство – промолчит.
381,"Если уже не за что держаться, держись молодцом."
382,"Я не брошу тебя никогда, буду рядом с тобою всегда, я в беде не оставлю клянусь, ты мой БРАТ и я этим горжусь!"
383,"Жизнь, братан — это волчья тропа, по которой нужно пройти оскалив зубы, но при этом остаться человеком…"
384,За слезы сестры можно убить. За счастье матери можно слезы пустить. За отца жизнь отдать. За брата перед пулей стать. За друга любого порвать.
385,"Держитесь друг за друга, брат за брата, и будет все."
386,"Настоящий друг не скажет: «Фу, да она стрёмная». Настоящий друг скажет: «Брат, если ты ее любишь, значит, она самая лучшая!»"
387,"Если братишка рядом, то враги падают градом."
388,"Хорошо, когда есть братья не те, с которыми в родственных отношениях, а те, которые стали в жизни."
389,"Исповедуюсь я только брату: он хоть и не всегда ангел, зато всегда поддержит и поймет."
390,"Уважаю отца... люблю мать.. убью за сестренку... порву за ту, к которой отношусь серьезно... отдам послееднее за друзей... уверен в братьях…"
391,"Хоть в детстве с братом все время воевали, теперь мы выросли и стали лучшими друзьями! Приятно и весело вспоминать былое!"
392,"Дай Бог здоровья каждой маме, чьих детей я называю братанами."
393,"Иногда я думаю, что брат – это слившиеся воедино ангел и черт… причем мои же!"
394,"— Брат, а ты знаешь что пролетает быстрее, чем ракета? Что проходит как одно мгновенье? — Нет, что это? — Это жизнь, брат, да, жизнь"
395,"— Друг лучше или брат? — Брат, когда он и друг, — лучше."
396,"По-любому, братка, нам далеко до конечной."
397,"Если от некоторых слово «братан» звучит приятно, то от других — противно!"
398,"В жизни рядом со мной появляются разные люди, большая часть из них отсеется, и лишь единицы, которые схожи со мной, встанут со мной в одну линию и пройдут до конца..."
399,"Братишка, будь сильным, ведь в жизни много препятствий, которые нужно преодолевать."
400,"Заходи, для тебя всегда найдется место!"
401,"В мире есть только два нормальных парня, но один мой папа, а другой брат."
402,"Случится такое: сядешь на год, не беда – девчонка ждет. Случится несчастье: сядешь на два – подождет тебя братва. Если прокурор загонит на пять – будет ждать только родная мать."
403,Никогда не думай и не говори о братанах плохо!
404,"Держитесь друг за друга, брат за брата, и будет все пи*дато!"
405,"Мои друзья! Тост за братву. Чтоб она всегда была, чтоб в любую сложную минуту была рядом, и тот, кто не прав, получил сполна."
406,"Друзья часто появляются в твоей жизни и исчезают, а брат — это навсегда! "
407,"Бог спасет, братва поможет!"
408,"Родители здоровы, и брат звонил вчера. Это есть богатство, остальное мишура."
409,"Запомни, брат! Друзья разные бывают. Кто-то слова лихо кидает, а кто-то реально на деле помогает."
410,"И всё-таки, это круто, когда есть старший брат!"
411,"По-любому, ты брат мне!"
412,"Как это мило, когда чёткий пацан в Адидасе, со словами «Садись, хуле», уступает бабушке место в автобусе…"
413,"Самое крутое в телефоне пацана, ни его стоимость, ни количество функций, а его любимая девушка на заставке."
414,"Дорогу к дому всем Пацанам, любви взаимной для милых дам, здоровье Маме на сотни лет, скажи, братан, базару нет..."
415,Друзья стоят друг за друга до конца. До самого гребного конца.
416,"Мы, пацаны, не обижаемся - мы делаем выводы!"
417,"Если что не понял - читай по губам: ""фак мусарам, свободу пацанам""."
418,"Пацан симпатяга, по жизни бродяга. Походка блатная, жизнь воровская, бродяга по жизни, вор по нужде. Кайфарик по масти, романтик в душе..."
419,"И пожелаю я братве фартовой воли на земле, здоровья, духу, пацаны, и пусть не трогают менты! "
420,"Я не стремлюсь нравиться людям. Всем, кому надо — я уже нравлюсь! Для Всех Хорошим Не Будешь!"
421,"Пацан сказал, пацан сделал! Пацан не сделал, пацан ещё раз сказал!"
422,Мечта любого пацана — это держать в руках сына от любимой девушки.
423,"С пацанами проще, они не строят обидки, они не крутят сплетни вокруг, с ними просто можно поржать или получить поддержку."
424,Розы любят воду... пацаны свободу... розы гибнут на газонах... пацаны на красных зонах...
425,"Мудрецу даны знания, мужику умения, пацану — понятия..."
426,Четкие статусы для пацанов - Для нас нет закона — мы пацаны с района.
427,"Девушку найти хотел одну, с которой прожить смогу, а нашел без которой не смогу, за нее любому пасть порву, пацаны, я ее люблю..."
428,Принцип пацанский. Поляна по-царски. Всегда для своих - от души и по-братски.
429,"Нас меняет не жизнь, нас меняют люди."
430,"Я не нарушаю правила, я играю по своим!!!"
431,"Безнадежно, это когда земля падает на крышку гроба…"
432,"Чтобы мечты становились реальностью, мысли должны становиться действиями."
433,"Будет новый рассвет — будет море побед и не верь никогда в то, что выхода нет."
434,"В жизни есть много, что я себе не позволю, но нет ничего, что мне могли бы запретить."
435,"Даже после самых неудачных моментов,в жизни наступает что-то гораздо лучшее."
436,"Успех к тебе придет, если ты умеешь ждать…"
437,"Цени друзей, которые проверенные годами."
438,Возьми себя в руки и не распускай сопли! Ты же мужик!
439,"Жизнь полосатая, но цвета мы выбираем сами."
440,"Играй за имя на груди своей футболки и тогда все запомнят то, что на спине."
441,"Если человек сам следит за своим здоровьем, то трудно найти врача, который знал бы лучше полезное для его здоровья, чем он сам."
442,"Я не ревнивый, просто ему без зубов действительно лучше!"
443,"Не нервничай! Не восстанавливаются не только нервные клетки, но и коренные зубы!"
444,"Боксера огорчить может каждый, но не каждый успеет извиниться!"
445,"Брат, ты с ней расстался? — Да! — Ты её любишь? — Нет! — Тогда я ей дружбу предложу? — Челюсть тебе сломаю, за такие предложения!"
446,"Меня обидеть — раз плюнуть, но плевать придется кровью, собирая зубы сломанными руками."
447,"А ты рисковый! Пи*деть любишь, а бегать не умеешь."
448,"Тебе успокоиться надо… может, съездить куда-нибудь?.. В челюсть, например?!"
449,"Мы так отважны потому, что не ждём поблажки."
450,"И пока мое сердце будет биться, я буду гордится местом где было суждено родиться!"
451,"Цитаты для пацанов — Как это мило, когда чёткий пацан в Адидасе, со словами «Садись, хуле», уступает бабушке место в автобусе…"
452,"Дорогу к дому всем Пацанам, любви взаимной для милых дам, здоровье Маме на сотни лет, скажи, братан, базару нет…"
453,"Тренируйся с тем, кто выжимает больше тебя или бегает быстрее."
454,В гонке за лидером ты растешь в два раза быстрее.
455,"И пожелаю я братве фартовой воли на земле, здоровья, духу, пацаны, и пусть не трогают менты!"
456,"Любовь — это общение, радостное для обоих, но непонятное всем."
457,"Если человек может сказать, что такое любовь, значит, он никого не любил."
458,"Когда нечего терять, теряют принципы."
459,"Платоническая любовь не знает объятий, потому что бесконечность нельзя обнять."
460,Любить кого-нибудь означает желать этому человеку только добра.
461,"Любите друг друга, но не раньте друг друга."
462,"Когда женщина влюбляется впервые, она любит своего любовника."
463,"Любовь сохраняет красоту, а тело женщины живёт ласками, как пчела цветами."
464,"Девушке обязательно надо кого-то любить, иначе она будет всех ненавидеть."
465,Женщины одновременно желают самого великого и самого ничтожного. Они требуют любви и учтивости — миллион на булавки.
466,"В любви люди познают друг друга и принимают таковым, а не создают себе идеала!"
467,"У каждого есть такие места, забыть о которых невозможно, хотя бы потому, что там воздух помнит твое счастливое дыхание."
468,"Женщина никогда не считает очень умным мужчину, который в нее влюблен."
469,Amorem canat aetas prima — пусть юность поет о любви.
470,Amor tussisque non celantur — любовь и кашель не скроешь.
471,"Если человек не влюблялся до сорока лет, то лучше ему не влюбляться и после."
472,"У любящего мужчины: женщина дома голая, а на улице в шапке."
473,"Сладострастие, пожелав стать религией, изобрело любовь."
474,Любовь к человеку очень часто бывает сильнее любви к себе.
475,"Если кто-то любит тебя не так, как тебе хочется, это не значит, что он не любит тебя всем сердцем."
476,"Возможно, мы больше любим тех, кого поддерживаем, чем тех, кто поддерживает нас. Наше тщеславие порой имеет для нас больший вес, чем личные интересы."
477,"У волков нет правил поведения. Они им не нужны. Волкам, чтобы быть волками, не нужны никакие правила."
478,"Тогда, когда всего добьешься в жизни, больше всего волком завыть хочется."
479,"Когда-то давно старый индеец рассказал своему внуку одну жизненную истину. Внутри каждого человека идет борьба очень похожая на борьбу двух волков. Один волк представляет зло, зависть, ревность, эгоизм, амбиции, ложь… Другой волк представляет любовь, милосердие, мир, дружелюбие, истину, доброту, верность"
480,Волка добрым словом не проймёшь.
481,"Мужчины, конечно, все кобели, но кто-то из них как пёс — с разными сучками, а кто-то как волк — либо один, либо с одной волчицей навсегда…"
482,Работа не волк — в лес не убежит
483,"Общаться с компьютерными волками — это очень странный опыт. Тебе в лицо суют большую зеленую колбасу-манекен, а тебе нужно вести себя с ней, как с любимым питомцем. Это очень, очень странно."
484,"Работа не волк, но и на нее охотники есть."
485,"Волки мы — хороша наша волчая жизнь, вы собаки — и смерть вам собачья!"
486,"Знакомый оборачивается к тебе только своими лучшими сторонами, он внимателен, учтив, он скрывает свои дурные свойства за маской общепринятой благопристойности. Но сойдись с ним поближе, и он отбросит маску, не даст себе труда притворяться, и перед тобой предстанет существо такое низкое, натура такая заурядная, слабая, продажная, что ты ужаснешься, если еще не понял, — таков человек по природе своей и осуждать его так же глупо, как осуждать волка за волчий аппетит или кобру за смертельный укус. Суть человеческой натуры — эгоизм. В эгоизме и сила его и слабость."
487,Беззубый волк сделал последние минуты зайца незабываемыми.
488,"Волк находит утешение в вое, баран — в теплой шерсти, лес — в малиновке, женщина — в любви, философ же — в поучительном изречении."
489,"Мошенник умеет пустить пыль в глаза, сбить с толку обоняние совершенной гармоничностью запаха, волк в овечьей шкуре классического искусства, вот кто эта бестия, — словом, чудовище с талантом. А это хуже, чем какой-нибудь бездарный неумеха, не осознающий своего невежества."
490,"Пойманный волк лег на снег и опустил голову; он не метался, как изловленная лисица. Он проиграл эту жизнь, и, подчинившись неизбежному, покорно, спокойно и презрительно ждал конца."
491,Я волк! Я волк свободного племени
492,"Смотреть в глаза — не храбрость, просто неопытность. Храбрость — смотреть, когда волки кусали тебя много раз."
493,"Живи, люби, кради, гуляй, купи весь мир, потом отдай! Всегда лишь помни вещь одну не забывай свою братву!"
494,"Не говорите мне о жизни с чистого листа. Вы не знаете, что такое выбираться из минуса."
495,"Родители здоровы, и брат звонил вчера, Это есть богатство, остальное мишура."
496,"«И чё?» — фраза, о которую разбиваются все доводы"
497,"Осуждаете меня за мой непростой характер? А как по-другому? Пацан без характера – тряпка.Не уверен – не обещай. Нет ничего хуже, чем быть треплом."
498,"Мне плевать на тех, кто меня ненавидит. Я живу ради тех людей, которые меня любят."
499,Два пацана послали друг-друга нахер и пошли туда вместе… Вот это дружба.
500,В жизни так бывает — пацаны своих теряют…
501,"Жизнь — боль, особенно, когда ты моль."
502,"«Есть, такие люди, которым реально хочется сказать спасибо, хотя бы за то, что они есть.»"
503,"Жизнь — игра, играй красиво…"
504,Ты — или другой. Бери — или отнимут. Не нанесешь удар — ударят тебя. Не припугнешь — запугают тебя. Такова правда жизни.
505,"Не кривите так часто душой, кривая может не туда вывести…"
506,Мужчина в жизни никогда не должен жаловаться на две вещи: на жену и на машину. Сам выбирал.
507,"Бог создал вора, а черт прокурора, плывите пацаны туда, где нет труда, где нет законов и суда…"
508,"Никогда, ни при каких обстоятельствах нельзя опускать руки. Любые трудности — это не наказание за прошлое, а испытание ради будущего."
509,"Мама учит быть добрым, папа учит быть гордым. А брат ничему не учит, просто сказал: «Обидят, порву!»."
510,"Без нужды не доставай, без славы не всовывай."
511,Бог создал Вора — черт прокурора!
512,В курятнике и задница – поющая канарейка.
513,"Ворам по карте, ментам по спарте!"
514,"По карте ворам, по хлебалу мусорам."
515,Воровская жизнь не сахар и не каждый пройдет ее до конца достойно.
516,"Воровские понятия в книгах не писаны – передаются братве по цыганскому радио. Преподают их в тюрьме, зоне, камере и на этапе короли преступного мира."
517,"Воровству синоним суицид, проще говоря, воры – самоубийцы."
518,Играй! даже если боишься проиграть!
519,Крови нет- менты попили.
520,"Люби свободу, как жизнь."
521,"Лучше иметь ворующего сына, чем стелящуюся дочь."
522,"Люби свободу, как жизнь. — Воровские цитаты и статусы"
523,Мы тут решили на дачу к тебе поехать на следующие выходные. Поедешь с нами?
524,"Настоящими Ворами рождаются, а не становятся."
525,Не стучись козёл…закрыто на ремонт
526,"Не ходи,стуча, делай дело сообща."
527,"О, боже мать, но где же правда."
528,Преступившие закон в долгу не любят оставаться.
529,"Святого в этом мире нет, но есть закон, тюрьма и судьи, что загубили жизни цвет, ломая молодые судьбы."
530,"Среди нас суки, которые жмут нам золотые руки. Найдутся, точно и верно, бляди, которые подло подходят сзади."
531,"Судьба мне трудности готовит, встречает вновь меня тюрьма."
532,тюрьма для зэков-университет преступности.
533,"Хоть миллион вор пробухает, на друзей истратит и снова станет воровать."
534,"Хочешь смачно пить, смолить и жрать – много нужно воровать."
535,Хочешь узнать реальную жизнь бродяги-будь им.
536,Для зэков хата – криминальна академия или институт преступных отношений.
537,"Если вы не помните, когда в последний раз у вас была женщина, — это уже не склероз"
538,"если хочешь пить и жрать, надо много воровать."
539,"Жизнь Ворам и аферистам, смерть бл*дям и активистам"
540,"За верность любовь, за предательство смерть. — Воровские статусы"
541,"Зона – это не место. Зона – испытание, концовки которого может быть лишь две: человек или выдержит его, или нет. Ну а это уже зависит от самого человека и его уважения к себе, умения отличить важное от второстепенного."
542,"Я думаю, что, если бы я не был позитивным, я бы не вставал с постели."
543,"Я в равных частях как гений, так и шут."
544,"Для начало разговором решить, если не поймет, то об асфальт черпани вниз головой))"
545,"Пацан не тот кто первым в ебало дал, а тот кто нашёл в себе силы признать что он не прав! и если другой не оценил этого поступка то тогда уже надо бить ЕГО по ЕГО ебалу))"
546,"Я живу, как умею…Не о чём не жалею. Нахожу и теряю, и с нуля начинаю, я бы вам рассказал да меня не спросили, как порой предавали, даже те кто любили,только я не сдавался,я сквозь слёзы смеялся, и чтоб не случилось,я СОБОЙ оставался!"
547,"удет новый рассвет — будет море побед и не верь никогда в то, что выхода нет."
548,"Сотни синяков и ссадин,растяжений и вывехов, тысячи тренировочных часов, миллионы капель пролитого пота лишь для того,чтобы стать еще лучше…"
549,"Что любит отец, то и сыну по душе"
550,"Из-за последних тенденций в моде, мне все труднее определить, где в магазине мужской отдел, а где женский"
551,"Они говорят,что сигарета меня убивает эти глупцы просто не знают,сколько раз она меня спасала."
552,"Вредная эта привычка, что сказать, но избавиться от неё сложно."
553,— Как я отношусь к сексу?.. Да я ему жизнью обязан!
554,"Мужчину характеризуют четыре ситуации: как он дерется, как считает деньги, как смотрит на детей и как заканчивает отношения."
555,"Я не хочу быть журналистом и светиться в телике, я хочу стать бандитом и двигаться на гелике."
556,"Когда ты преодолеешь свои страхи, ты узнаешь — кто ты есть."
557,"Пацаны любят хороших и приличных девочек , но сходят с ума от капризных и невыносимо сложных девушек.."
558,"Дикий Гордый. Никому не Покорный. Борзый Дерзкий как пуля Резкий……..не кому не Обязан,не к чему не Привязан,Никому не Подобен,потому и свободен."
559,"Думать надо головой, любить-сердцем, чуять — попой, и самое главное — ничего не перепутать.."
560,"Счастье не в деньгах, но грустить лучше в BMW, чем в маршрутке)"
561,"Еще и тачка закатанна со лбом, под сиденьем ствол, большие диски, голубой ксенон."
562,"Кому нибудь мы обязательно понадобимся такими, какие мы есть…"
563,"Ошибаюсь, обжигаюсь, иду дальше — улыбаюсь. Хочу плакать, не сдаюсь! Всё в порядке — я прорвусь!"
564,Страх — пустая трата времени. Выйди и покажи — кто лучший!
565,"Шлю нахуй тех, кто предавал , ценю тех, кто со мною спина спиною стоял."
566,Один точный удар в челюсть заменяет 3 часа воспитательной беседы.
567,Слабый предаст — боль его сломает. Сильный биться будет до конца. Сильных — трудность только закаляет! Слабых — превращает в подлеца!
568,"А ты вспомни братан какими раньше мы были… Как росли, продвигались и впервые полюбили!"
569,наши сразу сделали конфетку) а Баварцы спустя 20 лет)
570,Умеют же наши
571,"Сaмоe сложноe — это тaк долго ждaть, и в сaмом концe узнaть, что нaпрaсно."
572,"Есть девушки, а есть тёлки."
573,Сложно не заметить разницу.
574,"Цени людей, которые не боятся испортить себе репутацию и держат тебя за руку, даже если против тебя повернулись остальные!"
575,Никогда не слушайте советов по поводу любви. Потому что история у каждого своя.
576,"Некоторые думают, что они поднялись. На самом деле, они просто всплыли.."
577,"Мне по.. на тех, кто решил до меня доебаться у меня стальные яйца и броня в два пальца!!!"
578,Говоришь географию хорошо знаешь???нахуй пошлю не заблудишься???
579,"Слышь, дура, возьми себя в руки и не распускай сопли! Ты же мужик!!!"
580,"Будь в первую очередь личностью, а не серой массой как это ёба*ое большинство."
581,"Размотаю любого, кто к тебе подойдет, так что передай своему стаду баранов,что бы паслись подальше отсюда."
582,Душа в психушке. Сердце в реанимации. Мозг в а*уе
583,"Почему девушки не страусы? Напугал, и радуйся жизни))"
584,"И даже когда мир сошел с ума , оставайся собой."
585,Остальное еще можно исправить.
586,"А ведь правы были те люди, которые 10 лет назад говорили: «Подрастешь поймешь»."
587,"Я такой какой я есть. И мои главные достоинства — это кулаки, совесть и честь…"
588,"Тренируйся с теми , кто сильнее."
589,"Люби того, кого нельзя."
590,"Не сдавайся там , где сдаются другие."
591,"Просто верь в себя , просто будь самим собой."
592,"Просто делай , что должен , думай своей головой."
593,"Успех к тебе придет , если ты умеешь ждать.."
594,"Глупый будет до конца зол , а умный будет прощать."
595,"Всё остаётся как и есть,ты прав и готов за это боротся до конца, значит ты победитель!!!ты сильнее!!!!"
596,Если пацан посадил девушку за руль своей машины — 100% он ее любит!
597,"Ну не все девушки не умеют водить, есть такие девушки которые водят лучше нас с вами всех взятых!"
598,"Хреново, конечно, когда теряешь друга, но, еще хуже, когда понимаешь, что его никогда и не было."
599,"Будь жесток к себе, если не хочешь, что бы другие к тебе были жестоки."
600,"Я не нарушаю правила, я играю по своим."
601,— Со мной девушка порвала… Причем еще прислала фотки где она с моим другом трахается… — И ты что? — Отослал эти фотки ее отцу…
602,С пацанами одной масти — мудакам рвём пасти.
603,"Золото — не то, что блестит, а то, что бегает, смеётся и переворачивает всё верх дном…"
604,"Когда сбываются самые заветные мечты, следует ожидать, что рано или поздно судьба предъявит тебе счет."
605,Пацана видно сразу! Где бы он ни был.
606,"Когда я вижу её ноги у меня резко поднимается настроение, а с поднятым настроением ужасно некомфортно ходить."
607,"Любая статья в Уголовном Кодексе должна начинаться словами: «Если поймают, то…»"
608,"Уже забыл я запах водки, и дни, когда я пьяный был! Я изменил свою походку, но вас, ДРУЗЬЯ, я не забыл!"
609,Кто однажды ударил женщину — навсегда убил в себе мужчину!
610,"Спортивные парни самые ревнивые, потому что у них девушки — самые красивые."
611,"Улица…я ей дышу, и благодаря ей — я сильным становлюсь."
612,"Расскажите друзьям, если хотите попросить прощения у них за все!"
613,И самое главное не забудьте попросить прощение у родителей!
614,Делай тихо и о тебе заговорят громко…!
615,"Жизнь — это спектакль, и важно не то, как долго он длится, а будут ли в конце аплодисменты…"
616,"Чем меньше родители знают обо мне, тем спокойнее и им, и мне."
617,Главное в жизни ОНА и ещё раз ОНА.
618,"Та которая родила, и воспитать смогла."
619,"Пацаны не плачут, они выходят на лестницу покурить.."
620,Каждый выбирает сам выйти покурить или прост подышать свежим воздухом подумать.
621,"Увы, в школе дают знания, а не мудрость. Мудрость жизни я получаю на улицах."
622,"Держитесь друг за друга, брат за брата и будет все пиздато!"
623,"И пусть судьба не справедлива, но жизнь — игра, играй красиво."
624,В этой жизни главное — человеком быть!
625,Родной подъезд и здесь всем хватало места.
626,"Соседи бесятся, а нам было весело."
627,Ошибки в жизни -дают нам опыт .
628,"Никогда не бойся , когда ты один."
629,Будь уверен в себе всегда.
630,"Не зная дна, не суйся в воду — храни любовь, цени свободу…."
631,"Невозможно победить того, кто никогда не сдается."
632,"Привози кого хочешь, мы любому обоснуем, кто ты и что ты, понял?"
633,"Жизнь, братан — это волчья тропа, по которой нужно пройти оскалив зубы, но при этом остаться человеком.."
634,"Не важно где ты, и скем ты.! Главное ты пацан,за свою родню любому в глаз дам."
635,"Однажды, я приеду и заберу то, что мне принадлежит… И твои родители будут искать тебя …"
636,"Кто брата моего обидит, тот лес с багажника увидит."
637,"Выбирайте придавать, либо быть с братьями — Иметь мнение, либо будут иметь тебя…"
638,"Пусть его повадки грубы, но только лишь на первый взгляд. Знайте, волки — однолюбы, псы же, любят всех подряд…"
639,"Когда вам кажется, что простить нельзя, вспомните сколько прощено Вам.."
640,"Материальные ценности не постоянны, сегодня ты на мазде, завтра на бэхе, а после завтра на метро, важно беречь тех людей которые прошли всё это с тобой и были рядом, которые давали поддержку и стимул не отчаиваться."
641,"«По мере того как ты взрослеешь, тебе все меньше хочется дать кому-нибудь в морду. Намного сильнее хочется по-дружески обнять человека»."
642,"За четкую девочку, всегда четкие ребята.."
643,"Ради одних я пойду на край света, а ради других я даже не подойду к телефону."
644,"Когда желанье есть — есть тысячи возможностей,"
645,Когда желанья нет — есть тысячи причин.
646,С каждым такое было. Молча стоишь.Улыбаешься. А боль изнутри ломает рёбра…
647,"Я буду мужиком пока по земле еще ходят настоящие женщины, те женщины которые не пахнут сигаретами и пивом, которые обладают природным обоянием и добротой, в которых еще не умер инстинкт материнства…А не те крашенные стервы общающиеся матом, потерявшие женственность,которых интересуют только красивые шмотки,дорогие машины и бесконечные тусовки, которые готовы раздвинуть ноги перед толстым кошельком…"
648,"Поймет не тот,кто много видел,а тот,кто много потерял..Простит не тот,кто не обидел,а тот,кто многое прощал…Счастья встречи не узнает,кто расставанием не дышал…Лишь тот, кто многое теряет, тот цену многому познал!"
649,"Я медленно но верно терял себя, пытаясь стать кем-то для тебя…"
650,"Надо: Пацанов своих ценить, свою девочку любить, родителей уважать."
651,"Нахуй надо было кому-то верить, но я верил, получив за это в полной мере."
652,"Пройдет время, мы пройдем мимо. Я крикну твоё имя, но позову не тебя, а сына."
653,Лучшее украшение девушки — скромность... и полупрозрачное белье.
654,"Из мелкой шпаны, которая устраивает движухи, вырастают серьезные авторитеты."
655,"Иду не спеша,прохладно. А дома ждет мама,приятно."
656,"Друг поднимет тебя, когда ты упал. Хороший друг протянет руку, когда ты начнешь падать. Лучший друг не допустит твоего падения!"
657,Хочешь быть первым? — Тогда уходи с тренировки последним.
658,"Россия — наша страна, чё хотим то и делаем.. Остальные? — они курят в сторонке.."
659,Ведь иногда мечты сгорают!
660,"Мечта как труп, умерла…умерла…"
661,"Хорошо, что есть время, расстояние и трудности. Порой, именно они дают понять, кто любит, кто дружит, а кто не так уж и нужен."
662,"По личику видно сразу, что спортсменка"
663,"Это пацанская движуха, чувааааак!"
664,"У нас у каждого свои движения, кто будит жить по красоте покажет время!"
665,"У каждого спортсмена есть своя малышка ,за которую он готов применить все свои тренировки и мышцы, лишь бы малышка чувствовала себя в безопасности находясь рядом с ним."
666,"Убит не горем, а скорее радостью."
667,Настоящая дружба начинается с детства.
668,"Красивых много, родная одна."
669,"Вместо того, чтобы верить слухам — подойди и спроси."
670,"Жизнь — хитрая штука. Как только у тебя в руках оказываются все карты, она вдруг начинает играть в шахматы."
671,"Иногда полезно помолчать, чтобы тебя услышали… И исчезнуть, чтобы тебя заметили…"
672,"Спасибо Матери с Отцом, что я родился пацаном."
673,"Бывает самое откровенное мы говорим в шутку, чтоб никто не понял, что это правда."
674,"Нет ничего хуже, чем знать, что у тебя была возможность, а ты ей не воспользовался."
675,"Когда я вижу её ноги у меня резко поднимается настроение, а с поднятым настроением ужасно некомфортно ходить"
676,"Расстояние существует для того что бы скучать, а не изменять."
677,"Три вещи труднее всего сказать: я люблю тебя, прости, помоги мне…"
678,"Какая разница? Люди пришли, люди ушли. Главное смотреть, кто остается. А остаются единицы, которые по-настоящему тебя любят и дорожат тобой."
679,"Запомни ты нужен тем, кто первый пишет и звонит.Остальные плевать на тебя хотели."
680,"Чем меньше родители знают обо мне, тем спокойнее и им, и мне"
681,"Уважайте тех, кто для вас много чего сделал."
682,"Дружба между мужчиной и женщиной часто переходит в романтические отношения, после чего можно обрести любимого человека, либо потерять друга…"
683,"Спасибо Вам девушки, что занимаетесь спортом. Вы даёте нам шанс дышать Вами, любить Вас, быть опорой по жизни."
684,делай тихо и о тебе заговорят громко…!- пацанские статусы и цитаты
685,"Не просил не унижался,я не верил не боялся…Если бил то бил за дело не сторонник беспредела!"
686,"Братаны приходят красиво, уходят шумно!"
687,"Забудь чeму тeбя учили,живи как звeрь,срeди звeрeй.Бeй пeрвым,чтоб тeбя нe били.Увидишь слeзы,бeй сильнeй."
688,"Самый надёжный план: «По.., на месте разберёмся!»"
689,"Человеком надо быть стараться, а не падлой сученной!"
690,"Кто не курит и не пьет — ровно дышит, сильно бьет!"
691,"Не жалей себя, трудись до изнеможения, до слез и результат не заставит себя ждать!"
692,Иногда читаешь старые сообщения в контакте и думаешь : » Под чем я тогда был?!
693,"В коридоре твои найки, ты в моей майке, у нас война как в Counter Strike’е"
694,"В моей жизни было и будет всякое, но со мной люди чаще смеялись, чем плакали."
695,"Не стоит кричать всем, что ты счастлив, стоит сказать маленькое спасибо тому, кто дарит тебе это счастье."
696,"Думаешь круто курить, пить? Нет, брат, круто делать сотку от пола…"
697,"Парень должен уметь постоять за себя и за свою девушку, а не носить узкие джинсы и косить под смазливого гея с челочкой…"
698,"По мере того как ты взрослеешь, тебе все меньше хочется дать кому-нибудь в морду. Намного сильнее хочется по-дружески обнять человека."
699,"Время не лечит,время меняет…"
700,"Кто-то жмёт, а кто-то бухает…"
701,"Не тот брат, кто на пару гуляет, а тот, кто в беде помогает…"
702,"Я не хуже других, но лучше многих…"
703,"Я уже не скучаю по прошлому, я боюсь потерять настоящее!"
704,Если девушка обижается — радуйся. Ты ей небезразличен.
705,"Красивых много, родная — одна."
706,"Мне по*уй, кто там тобою еще дышит, но мне сейчас без тебя реально сносит крышу…"
707,"Есть люди, которым можно дать и 10-й шанс, а есть те, для кого и 1-й был явно лишним."
708,"Каждый парень должен искать такую, которую ласкал только ветер."
709,"Любимая, я тебе конечно верю, но поверь, и сам пиздеть умею…"
710,"Братья – это когда слушают, понимают, не осуждают, а в трудные минуты, за тебя всех в пыль стирают…"
711,Счастье — это когда в доме нет больных. В тюрьме — нет родных. Среди друзей — нет гнилых
712,"От необдуманных поступков,нас спасет только нулевой баланс…"
713,"Усвой закон этой сегодняшней дружбы, не впрягайся за тех, кому это не нужно…"
714,"Все могут видеть, как ты выглядишь внешне, но очень мало тех, кто знает что у тебя в душе!"
715,"После расставания я удалил тебя из друзей, чтобы забыть…и добавил в закладки, чтобы не потерять…"
716,"Не важно сколько «мне нравится» на твоей стене, сколько друзей вконтакте, сколько записей на стене, людей в закладках, и подарков, важно скольким людям ты дорог в жизни."
717,Твои объятия дороже всего на свете!
718,"Представляешь, братан, ни с того ни с сего она мне пишет «Прости, мы должны расстаться». Я офигел, но ответил «Мечтать не вредно!»"
719,"Брат — это одна душа, живущая в двух телах."
720,"Ломай, круши, но делай так, чтоб от души."
721,"Если тебе трудно — значит, ты идешь в правильном направлении."
722,"Кому айфон, а кому жизнь и маму.."
723,"Как ни крути, но потери заставляют людей меняться"
724,"Мама не поймёт, папа не оценит, но улица помогает решать проблемы"
725,"Где бы ты ни был, кем бы не стал, не позорь тех, кто тебя воспитал"
726,"Всё уже не так как раньше. Время убегает дальше. Кто то ближе, кто то дальше. Как жаль, что мы стали старше."
727,"Мы не богаты, но кайфуем как Магнаты…"
728,"Никогда не говори «сдаюсь». Всегда повторяй: «Я могу, и я буду пытаться, пока не добьюсь победы»"
729,"Главное, что о тебе думают, люди которых ты называешь Братья.."
730,Сбили с ног — сражайся на коленях! Встать не можешь — лёжа наступай!
731,"Не прошу у Бога ни денег, ни славы, а прошу лишь, чтоб вечно билось сердце у Мамы."
732,"Держи слово и держи удар это тебе в жизни пригодиться, братан."
733,"Какой самый страшный удар? Тот, которого ты не видишь."
734,"Невозможно победить того, кто не сдается."
735,"Ты та, в которой я уверен, без доли сомнения. Не подведи меня."
736,"Если меня мама учила быть культурным, это не значит, что я не врежу ногой в глаз, как меня учил папа."
737,Лучший способ сохранить своих друзей — не предавать их.
738,"И пусть я одинок,но мои друзья всегда будут рядом."
739,"Что бы ни случилось, нужно помнить — это всего лишь жизнь, и мы прорвемся!"
740,"Надоело стараться поддерживать отношения с теми, кому не до тебя. отныне: нет взаимности, нет общения. И будь что будет,мне похуй честно."
741,"Цени, если тебя называют братом, если по крови им не являешься! И никогда не променяй брата на девушку! Девушку новую ты можешь найти, а вот брата — нет!"
742,"На смерть, взирая равнодушно, на гибель за тебя пойду."
743,"Первым падает тот,кто на словах крут."
744,"Так приятно, что есть люди, которым ты нравишься, даже когда ведешь себя как дебил."
745,"Это невероятный стимул, когда вам говорят, что вы чего-то не можете."
746,"Имей ту девушку, о которой все мечтают, но не мечтай о той, которую все имеют."
747,"Без брата, как на войне без автомата!"
748,"-Будь проще и люди к тебе потянутся. -Я лучше останусь собой и посмотрю,кто со мной останется!"
749,"Раньше девочки учились готовить как мамы ,а сейчас бухают как папы."
750,"Жизнь всегда справедлива, просто иногда она проверяет на прочность."
751,"Дай Бог здоровья каждой маме, чьих детей я называю друзьями."
752,"Я никогда не обману того, кто мне искренне доверяет. Но я никогда не докажу правду тому, кто мне не верит…"
753,"Я буду лучшим, даже если я сказал тебе это хотя бы раз, И я пойду на все лишь бы не видеть слезы из твоих глаз…"
754,"Можно пересчитать по пальцам одной руки тех, кто, если что, подхватит."
755,Круче меня будет только мой сын.
756,"Самая лучшая дорога та, которая ведет домой.."
757,"Сильный человек – это не тот, кто побеждает слабого, а тот, кто помогает слабому стать сильным."
758,Самый веский аргумент для тех кто слов не понимает.
759,"С 1.02.12 статью УК РФ 228 хранение и распространение наркотиков, переименовали на педофилию и зоофилию. Удачи носящим шапки 228…"
760,"Злость — это состояние, в котором язык работает быстрее мозга. Будьте мудрее, думайте головой."
761,"У очень красивых женщин, мужья, как правило, преступники или спортсмены."
762,"Сейчас у тебя другая, но не забывай ту, которая научила тебя водить…"
763,Похуй — тоже чувство
764,"Бывает годами ищешь человека, и не замечаешь что тот кого ты искал находился всегда рядом…"
765,"В жопу таких друзей, которые вспоминают мой номер, когда им что-то нужно…"
766,"Настоящие друзья не соревнуются между собой и не завидуют, а помогают искренне, радуясь друг за друга"
767,"Мы хотим видеть всех девушек мира красивыми, здоровыми и счастливыми! А не обкуренными и бухими!"
768,Чтобы ты не делал — делай это уверенно. Не думая о том что скажут люди.
769,"Не надо говорить, что я плохой, просто найди лучше, чем я, и свали нахер."
770,"Нас мало, но сила не в толпе…"
771,"Люди еще больший яд, чем алкоголь или табак."
772,"Делайте все, чтобы ваш ребенок с гордостью говорил: «это мои родители» , и однажды вы со слезами счастья на глазах , произнесете: «это мой ребенок»."
773,"Ярость в глазах, доброта в душе, храбрость в сердце."
774,"Не думай, что было… Не гадай, что будет… Береги, что есть…"
775,"Если ты положил глаз на мою девушку, значит он у тебя лишний…"
776,Пришел пьяный на философию.
777,"Братан запомни, жизнь ломает сильнейших, ставя их на колени, чтобы доказать что они могут подняться. Слабаков же она не трогает… они и так всю жизнь на коленях"
778,"Когда дела совсем плохи, остаётся только смеяться."
779,Порой одиночество убивает.В такие моменты спасти может только братва!
780,"Спасибо тем друзьям,которые могут развеселить в трудную минуту, спасибо братьям за поддержку."
781,"Друзья — это люди, которые всю жизнь будут напоминать тебе о твоих косяках и угорать над ними."
782,"Хорошо, что есть время, расстояние и трудности."
783,"Порой, именно они дают понять, кто любит, кто дружит, а кто не так уж и нужен."
784,"Возвращать стоит только тех людей, которые ушли по нашей вине."
785,Хочу лето. Хочу ходить в шортах и в чичях. Хочу тепло. Хочу солнце. Хочу гулять.
786,"И пока ты будешь рядом, в моей жизни будет хоть какой-то порядок."
787,"Силён не тот, кто может себе много позволить, а кто может от многого отказаться."
788,"Jaguar — умные люди не пьют его, они на нем ездят.."
789,"И дай вам Бог вдвойне, чего желаете вы мне.."
790,"Все могут пить вино и водку, а ты попробуй выжать сотку!"
791,"Услышать от отца в кругу его друзей что он гордиться тобой, нет ничего счастливей!"
792,Первое правило — не сдаваться. Второе — драться до конца.
793,"Я всегда буду помнить мать,отца. Родной район. Моих братьев! что бы не случилось — они в моем сердце!"
794,"Девушки, не ждите принца на белом коне… Ждите распиздяя на чёрной Ладе!"
795,"В сексе, как и в автоспорте: главное не жалеть денег на хорошую импортную резину…"
796,Боль — это когда тебя предал лучший друг.
797,"Нахер мне психолог, дайте лучше автомат."
798,"Не станет волк в душе собакой, хоть в клетке век его держи. А злобный взгляд для твари всякой, для близких лишь тепло души…"
799,"Не надо подвигов Геракла, не надо денег, власти, чина. Не заставляйте женщин плакать, тогда вас будут звать мужчиной!"
800,"Пытаешься. Пытаешься.Делаешь что-то. Лишь спустя время понимаешь,что было все напрасно. Ей было похуй."
801,"Человека нельзя забыть, к нему можно начать по-другому относиться, а забыть, забыть нельзя…"
802,"Хватит ныть. Да, это жизнь. Каждый сам за себя. Или трахай или трахнут тебя."
803,"Как ни крути, но потери заставляют людей меняться.."
804,Большинство девушек ведутся на машины и деньги — это печально!
805,"Когда говоришь с человеком наедине, он кажется совсем другим."
806,"Считается, что в гостях хорошо, а дома лучше. А я считаю, у кого хата свободная, у того и лучше."
807,"Время не лечит. Лечат люди, которые рядом…"
808,"Сумей пережить ту минуту, когда кажется, что всё уже потеряно."
809,"Не важно, каким видом спорта ты занимаешься, главное — что ты им занимаешься!"
810,"Отец - тот кого нужно поздравлять, а не своих одноклассников или однокурсников…"
811,"Спасибо отец…За то, что дышу…"
812,Не называй братом каждого второго — ведь настоящий брат перегрызет глотку за родного.
813,"Главное не образ льва, а дух волка…"
814,"От встречи — до встречи, от взгляда — до взгляда, говорят, что время — лечит… Не, ребят, это не правда…"
815,"Не подавай виду если тебя что -то задело, просто улыбайся, молча делай выводы."
816,"Тот, кому есть что сказать, всегда молчит."
817,"Не важно, как ты выглядишь или сколько у тебя денег. Важно то, о чем ты думаешь и какие поступки совершаешь."
818,"Лучше разбитые кулаки на тренировке, чем лицо в драке."
819,"Людей легче сменить, чем изменить."
820,"Из мелкой шпаны которая устраивает движухи,вырастают серьезные авторитеты!"
821,"Лучшие друзья — это придурки, которые просто категорически не могут друг без друга."
822,"Люблю слушать песни, смысл в которых похож на мою жизнь…- пацанские статусы и цитаты"
823,"В мире есть двое слепых… Ты, – потому что не видишь, как сильно мне нужна; и я, потому что не вижу никого, кроме тебя."
824,"Я не гордый. Я могу написать, что без тебя мне скучно. Только боюсь, что тебе это ненужно…"
825,Для нас нет мусорского закона — мы пацаны с района.
826,"Всегда буду ценить тех людей, которые в трудный мне момент скажут «Братан, я с тобой»"
827,"Брат, знай! В драке за тебя пойдут твои пацаны, а не продажные бл*ди!"
828,"У каждого есть такой человек, которого придётся запомнить навсегда…"
829,"Она мне даже не жена, но перед нею я в ответе, всё потому что мне она — теперь дороже всех на свете…"
830,"Как приятно смотреть на девушек, от которых пахнет духами, красивая фигура, и милое личико, а не вчерашний перегар, складки на животе, и опухшее, заплывшее лицо!"
831,"Иногда так хочется влюбиться, по-настоящему, в настоящую…"
832,"Ты слишком сложная, но другая мне не нужна, я хочу быть с тобой, я хочу что бы ты была моя…- пацанские статусы и цитаты"
833,"Не дай вам Бог скучать по тем, кто никогда не скучал по вам."
834,"Жизнь коротка. И не каждому дано в ней быть счастливым,богатым или красивым.А смерть,братишка,-это единственное, что ожидает каждого…"
835,Мой девиз четыре слова — ЗА БРАТВУ ПОРВУ ЛЮБОГО!
836,"Прежде чем осуждать кого-то возьми его обувь и пройди его путь, попробуй его слезы, почувствуй его боли. Наткнись на каждый камень, о который он споткнулся. И только после этого говори, что ты знаешь- как правильно жить!"
837,"Чем сильнее мы любим девушку, тем меньше она любит нас."
838,"Портят людей ни сигареты, ни алкоголь и ни образ жизни — это всё мелочи по сравнению с тем, как портят людей люди.."
839,"Иногда полезно помолчать, чтобы тебя услышали… И исчезнуть, чтобы тебя заметили- пацанские статусы и цитаты"
840,"Ненавижу когда говорят: «Мне бы твои проблемы». Да тебе бы мои проблемы, ты бы уже мылом верёвку мазал."
841,"Если друзья мои станут врагами, и в суете продадут за пятак – я буду грызть эту землю зубами, я буду верить, что это не так!"
842,"Никогда не говори людям о своих бедах, большинство это вообще не интересует, а остальные довольны что они у тебя есть."
843,"Все хорошо. Земля вертится. Друзья звонят. И есть та, о которой хочется думать."
844,"Когда идёшь на уступки ради человека, который тебе дорог, и переступаешь через свои принципы, будь готов к тому, что этот человек переступит и через тебя, так как мало кто ценит подобное. Люди вообще мало что ценят: они всё воспринимают как должное."
845,"Дай Бог тем людям, кто сказал про меня плохое, столько здоровья, сколько правды было в их слова"
